link_type,src_resname,src_resnum,src_chain,src_atom,src_moiety,dst_resname,dst_resnum,dst_chain,dst_atom,dst_moiety,distance_A
cofactor->pcs,OEX,418,A,MN4,,ASP,170,A,OD2,,2.054
cofactor->pcs,OEX,418,A,CA1,,ASP,170,A,OD1,,2.284
cofactor->pcs,OEX,418,A,MN1,,GLU,189,A,OE2,,1.779
cofactor->pcs,OEX,418,A,O1,,GLU,189,A,OE1,,2.971
cofactor->pcs,OEX,418,A,MN1,,HIS,332,A,NE2,,2.081
cofactor->pcs,OEX,418,A,MN3,,GLU,333,A,OE1,,2.032
cofactor->pcs,OEX,418,A,MN4,,GLU,333,A,OE2,,2.068
cofactor->pcs,OEX,418,A,O3,,HIS,337,A,NE2,,2.601
cofactor->pcs,OEX,418,A,MN2,,ASP,342,A,OD1,,2.135
cofactor->pcs,OEX,418,A,MN1,,ASP,342,A,OD2,,2.156
cofactor->pcs,OEX,418,A,MN2,,ALA,344,A,OXT,,1.921
cofactor->pcs,OEX,418,A,CA1,,ALA,344,A,O,,2.410
cofactor->pcs,OEX,418,A,O4,,HOH,567,A,O,,2.592
cofactor->pcs,OEX,418,A,CA1,,HOH,568,A,O,,2.506
cofactor->pcs,OEX,418,A,CA1,,HOH,569,A,O,,2.611
cofactor->pcs,OEX,418,A,O1,,HOH,601,A,O,,2.538
cofactor->pcs,OEX,418,A,MN4,,HOH,607,A,O,,2.136
cofactor->pcs,OEX,418,A,MN4,,HOH,608,A,O,,2.338
cofactor->pcs,OEX,418,A,MN2,,GLU,354,C,OE1,,2.115
cofactor->pcs,OEX,418,A,MN3,,GLU,354,C,OE2,,2.120
cofactor->pcs,OEX,418,A,O2,,ARG,357,C,NH2,,3.013
pcs->scs,HOH,567,A,O,,ASP,61,A,OD1,,2.608
pcs->scs,ARG,357,C,NH2,,ASN,87,A,OD1,,3.079
pcs->scs,HOH,568,A,O,,TYR,161,A,OH,,2.755
pcs->scs,HOH,568,A,O,,GLN,165,A,OE1,,2.706
pcs->scs,HOH,608,A,O,,SER,169,A,O,,2.779
pcs->scs,HOH,567,A,O,,SER,169,A,OG,,2.925
pcs->scs,HOH,601,A,O,,HOH,547,A,O,,2.718
pcs->scs,HOH,607,A,O,,HOH,557,A,O,,2.778
pcs->scs,HOH,607,A,O,,HOH,560,A,O,,2.409
pcs->scs,HOH,569,A,O,,HOH,570,A,O,,2.719
pcs->scs,HOH,601,A,O,,HOH,588,A,O,,2.686
pcs->scs,GLU,354,C,OE1,,HOH,630,A,O,,3.107
pcs->scs,GLU,354,C,OE2,,HOH,665,C,O,,2.676
