Prot Name,333,332,170,342,189,344,354,357,337,61,169,87
8tow,GLU,HIS,GLU,ASP,GLU,ALA,GLU,ARG,HIS,ASP,SER,ASN
7n8o,GLU,HIS,ASP,ASP,GLU,ALA,GLU,ARG,HIS,ASP,SER,ASN
8wb4,HIS,ALA,ASP,ASP,ASN,LEU,GLU,SER,HIS,GLU,SER,ASP
4ub6,GLU,HIS,ASP,ASP,GLU,ALA,GLU,ARG,HIS,ASP,SER,ASN
8eqm,GLU,GLU,ASP,ASP,GLU,ALA,ARG,GLY,GLU,ILE,ASP,SER
3wu2,GLU,HIS,ASP,ASP,GLU,ALA,GLU,ARG,HIS,ASP,SER,ASN
3jcu,GLU,HIS,ASP,ASP,GLU,ALA,GLU,MET,HIS,ASP,ALA,ALA
5xnl,GLU,HIS,ASP,ASP,GLU,ALA,GLU,ARG,HIS,ASP,SER,ALA
4pj0,GLU,HIS,ASP,ASP,GLU,ALA,GLU,ARG,HIS,ASP,SER,ASN
8j5k,GLU,HIS,ASP,ASP,GLU,LEU,GLU,ARG,HIS,ASP,SER,ASN
7pi0,GLU,HIS,ASP,ASP,GLU,ALA,GLU,GLY,HIS,ASP,SER,ASN
6kac,GLU,HIS,ASP,ASP,GLU,ALA,GLU,ARG,HIS,ASP,SER,ASN
8iwh,GLU,HIS,ASP,ASP,GLU,LEU,GLU,ARG,HIS,ASP,SER,ASN
