Template Residue Number,Template Residue Name,Query Matched Residue Name,Query Chain,Distance,Query Matched Moiety
332,HIS,None,None,N/A,None
354,GLU,GLU,None,1.417164,Unknown
333,GLU,None,None,N/A,None
342,ASP,None,None,N/A,None
189,GLU,VAL,None,1.073719,Unknown
567,HOH,None,None,N/A,None
569,HOH,None,None,N/A,None
337,HIS,None,None,N/A,None
608,HOH,None,None,N/A,None
607,HOH,None,None,N/A,None
357,ARG,ARG,None,0.8299242,Unknown
601,HOH,None,None,N/A,None
170,ASP,ASP,None,0.9001954,Unknown
568,HOH,None,None,N/A,None
570,HOH,None,None,N/A,None
665,HOH,None,None,N/A,None
560,HOH,None,None,N/A,None
547,HOH,None,None,N/A,None
634,HOH,HIS,None,0.43927822,Unknown
510,HOH,None,None,N/A,None
61,ASP,None,None,N/A,None
169,SER,SER,None,1.0773435,Unknown
165,GLN,None,None,N/A,None
87,ASN,ASN,None,1.2985189,Unknown
571,HOH,None,None,N/A,None
161,TYR,LEU,None,1.5430067,Unknown
630,HOH,None,None,N/A,None
557,HOH,None,None,N/A,None
603,HOH,None,None,N/A,None
588,HOH,None,None,N/A,None
