Prot Name,PCS_1_N,PCS_2_CA,PCS_3_C,PCS_4_O,PCS_5_CB,PCS_6_CG,PCS_7_ND1,PCS_8_CD2,PCS_9_CE1,PCS_10_NE2,PCS_11_N,PCS_12_CA,PCS_13_C,PCS_14_O,PCS_15_CB,PCS_16_CG,PCS_17_CD,PCS_18_OE1,PCS_19_OE2,PCS_20_O,PCS_21_O,PCS_22_O,PCS_23_N,PCS_24_CA,PCS_25_C,PCS_26_O,PCS_27_CB,PCS_28_CG,PCS_29_CD,PCS_30_OE1,PCS_31_OE2,PCS_32_N,PCS_33_CA,PCS_34_C,PCS_35_O,PCS_36_CB,PCS_37_CG,PCS_38_CD,PCS_39_OE1,PCS_40_OE2,PCS_41_N,PCS_42_CA,PCS_43_C,PCS_44_O,PCS_45_CB,PCS_46_CG,PCS_47_OD1,PCS_48_OD2,PCS_49_N,PCS_50_CA,PCS_51_C,PCS_52_O,PCS_53_CB,PCS_54_CG,PCS_55_ND1,PCS_56_CD2,PCS_57_CE1,PCS_58_NE2,PCS_59_N,PCS_60_CA,PCS_61_C,PCS_62_O,PCS_63_CB,PCS_64_CG,PCS_65_OD1,PCS_66_OD2,PCS_67_O,PCS_68_O,PCS_69_O
8tow,HIS,HIS,HIS,ASN,HIS,HIS,HIS,HIS,HIS,HIS,GLU,GLU,GLU,GLU,GLU,GLU,GLU,GLU,GLU,ASP,GLU,ALA,GLU,GLU,GLU,GLU,GLU,GLU,GLU,GLU,GLU,GLU,GLU,GLU,THR,GLU,GLU,GLU,GLU,GLU,GLU,GLU,GLU,GLU,GLU,GLU,GLU,GLU,HIS,HIS,GLU,GLU,HIS,HIS,HIS,HIS,HIS,HIS,ASP,ASP,ASP,ASP,ASP,ASP,ASP,ASP,GLU,GLU,ALA
7n8o,HIS,HIS,HIS,HIS,HIS,HIS,HIS,HIS,HIS,HIS,GLU,GLU,GLU,GLU,GLU,GLU,GLU,GLU,GLU,ASP,ASP,ASP,GLU,GLU,GLU,GLU,GLU,GLU,GLU,GLU,GLU,GLU,GLU,GLU,GLU,GLU,GLU,GLU,ALA,GLU,ASP,ASP,ASP,ASP,ASP,ASP,ASP,ASP,HIS,HIS,HIS,HIS,HIS,HIS,HIS,HIS,HIS,HIS,ASP,ASP,ASP,ASP,ASP,ASP,ASP,ASP,ASP,ASP,GLN
8wb4,HIS,HIS,HIS,HIS,HIS,ASP,ASP,ASP,ASP,ASP,GLU,HIS,HIS,HIS,HIS,VAL,VAL,GLU,VAL,ASP,ASP,LEU,ASN,ASN,ASN,LEU,ASN,ASN,LEU,GLN,GLU,HIS,GLU,GLU,GLU,GLU,HIS,GLU,GLU,GLU,ASP,ASP,ASP,PRO,ASP,ASP,GLN,ASP,ALA,ALA,GLU,GLU,GLU,GLU,GLU,GLU,GLU,GLU,ASP,ASP,LEU,LEU,ASP,ASP,ASP,ASP,GLN,ASP,GLN
4ub6,HIS,HIS,HIS,HIS,HIS,HIS,HIS,HIS,HIS,HIS,GLU,GLU,GLU,GLU,GLU,GLU,GLU,GLU,GLU,ASP,ASP,ALA,GLU,GLU,GLU,GLU,GLU,GLU,GLU,GLU,GLU,GLU,GLU,GLU,GLU,GLU,GLU,GLU,GLU,GLU,ASP,ASP,ASP,ASP,ASP,ASP,ASP,ASP,HIS,HIS,HIS,HIS,HIS,HIS,HIS,HIS,HIS,HIS,ASP,ASP,ASP,ASP,ASP,ASP,ASP,ASP,ASP,ASP,ALA
8eqm,GLU,GLU,GLY,GLY,HIS,HIS,HIS,GLU,HIS,HIS,GLU,GLU,ALA,ALA,GLU,GLU,GLU,GLU,GLU,SER,ASP,ASP,GLU,GLU,GLU,LEU,GLU,GLU,GLU,GLU,ASP,GLU,ARG,ARG,ARG,GLU,GLU,GLU,GLU,GLU,ASP,ASP,ASP,PHE,ASP,ASP,ASP,ASP,ARG,GLU,GLU,GLU,HIS,HIS,GLU,GLU,GLU,GLU,ASP,ASP,LEU,LEU,ASP,ASP,ASP,ASP,VAL,VAL,GLU
3wu2,HIS,HIS,HIS,HIS,HIS,HIS,HIS,HIS,HIS,HIS,GLU,GLU,GLU,GLU,GLU,GLU,GLU,GLU,GLU,ASP,ASP,ALA,GLU,GLU,GLU,GLU,GLU,GLU,GLU,GLU,GLU,GLU,GLU,GLU,GLU,GLU,GLU,GLU,GLU,GLU,ASP,ASP,ASP,ASP,ASP,ASP,ASP,ASP,HIS,HIS,HIS,HIS,HIS,HIS,HIS,HIS,GLU,HIS,ASP,ASP,ASP,ASP,ASP,ASP,ASP,ASP,ASP,ASP,ALA
3jcu,ASN,HIS,ALA,ASN,HIS,HIS,ARG,HIS,GLU,GLU,GLU,GLU,GLU,GLU,GLU,GLU,GLU,GLU,GLU,ALA,SER,ASP,GLU,GLU,HIS,HIS,GLU,GLU,GLU,GLU,GLU,GLY,GLU,GLU,GLU,GLU,HIS,GLU,GLU,ALA,SER,ASP,ASP,ASP,ASP,ASP,ASP,ASP,HIS,HIS,GLU,GLU,HIS,HIS,HIS,HIS,HIS,HIS,ASP,ASP,ASP,ASP,ASP,ASP,ASP,ASP,ASP,ASP,GLN
5xnl,HIS,HIS,HIS,HIS,HIS,HIS,HIS,HIS,GLU,HIS,GLU,GLU,GLU,GLU,GLU,GLU,GLU,GLU,GLU,ASP,SER,GLU,GLU,GLU,GLU,HIS,GLU,GLU,GLU,GLU,GLU,GLU,GLU,THR,THR,GLU,GLU,GLU,GLU,GLU,ASP,ASP,ASP,GLY,ASP,ASP,ASP,ASP,HIS,HIS,GLU,GLU,HIS,HIS,HIS,HIS,HIS,HIS,ASP,ASP,ASP,ASP,ASP,ASP,ASP,ASP,ASP,ASP,GLN
4pj0,HIS,HIS,HIS,HIS,HIS,HIS,HIS,HIS,GLU,HIS,HIS,GLU,GLU,GLU,GLU,GLU,GLU,GLU,GLU,ASP,ASP,LEU,GLU,GLU,HIS,HIS,GLU,GLU,GLU,GLU,GLU,GLY,GLU,GLU,GLU,GLU,GLU,GLU,ALA,GLU,SER,ASP,ASP,ASP,ASP,ASP,ASP,ASP,HIS,HIS,HIS,HIS,HIS,HIS,GLU,HIS,GLU,HIS,ASP,ASP,ASP,ASP,ASP,ASP,ASP,ASP,ASP,ASP,GLN
8j5k,HIS,HIS,HIS,HIS,HIS,HIS,HIS,HIS,GLU,HIS,GLU,GLU,GLU,GLU,GLU,GLU,GLU,GLU,GLU,SER,ASP,ASP,GLU,GLU,HIS,HIS,GLU,GLU,GLU,GLU,GLU,GLU,GLU,GLU,GLU,GLU,GLU,GLU,GLU,GLU,ASP,ASP,ASP,ASP,ASP,ASP,ASP,ASP,HIS,HIS,HIS,HIS,HIS,HIS,HIS,HIS,GLU,HIS,ASP,ASP,ASP,ASP,ASP,ASP,ASP,ASP,ASP,ASP,GLN
7pi0,ALA,HIS,HIS,HIS,HIS,HIS,HIS,HIS,ALA,HIS,GLU,GLU,GLU,GLU,GLU,GLU,GLU,GLU,GLU,SER,ASP,ASP,GLU,GLU,GLU,VAL,GLU,GLU,GLU,GLU,GLU,GLU,GLU,GLU,ARG,GLU,GLU,GLU,GLU,GLU,ASP,ASP,ASP,ASP,ASP,ASP,ASP,ASP,HIS,HIS,GLU,GLU,HIS,HIS,HIS,HIS,HIS,HIS,ASP,ASP,ASP,ASP,ASP,ASP,ASP,ASP,ASP,VAL,GLN
6kac,ALA,HIS,HIS,HIS,HIS,HIS,ALA,HIS,GLU,GLU,GLU,GLU,GLU,GLU,GLU,GLU,GLU,GLU,GLU,SER,ASP,ASP,GLU,GLU,GLU,GLU,GLU,GLU,GLU,GLU,GLU,GLU,GLU,GLU,THR,GLU,GLU,GLU,GLU,GLU,ASP,ASP,ASP,ASP,ASP,ASP,ASP,ASP,HIS,HIS,HIS,GLU,HIS,HIS,HIS,HIS,HIS,HIS,ASP,ASP,ASP,ASP,ASP,ASP,ASP,ASP,ASP,ASP,GLN
8iwh,ALA,HIS,HIS,HIS,HIS,HIS,ALA,HIS,GLU,HIS,GLU,GLU,GLU,GLU,GLU,GLU,GLU,GLU,GLU,SER,ASP,ASP,GLU,GLU,GLU,GLU,GLU,GLU,GLU,GLU,GLU,GLU,GLU,GLU,GLU,GLU,GLU,GLU,GLU,GLU,ASP,ASP,ASP,ASP,ASP,ASP,ASP,ASP,HIS,HIS,HIS,HIS,HIS,HIS,HIS,HIS,HIS,HIS,ASP,ASP,ASP,ASP,ASP,ASP,ASP,ASP,ASP,ASP,GLN
