Prot Name,PCS_1_N A,PCS_2_CA A,PCS_3_C A,PCS_4_O A,PCS_5_CB A,PCS_6_CG A,PCS_7_ND1 A,PCS_8_CD2 A,PCS_9_CE1 A,PCS_10_NE2 A,PCS_11_N A,PCS_12_CA A,PCS_13_C A,PCS_14_O A,PCS_15_CB A,PCS_16_CG A,PCS_17_CD A,PCS_18_OE1 A,PCS_19_OE2 A,PCS_20_O A,PCS_21_O A,PCS_22_O A,PCS_23_N A,PCS_24_CA A,PCS_25_C A,PCS_26_O A,PCS_27_CB A,PCS_28_CG A,PCS_29_CD A,PCS_30_OE1 A,PCS_31_OE2 A,PCS_32_N C,PCS_33_CA C,PCS_34_C C,PCS_35_O C,PCS_36_CB C,PCS_37_CG C,PCS_38_CD C,PCS_39_OE1 C,PCS_40_OE2 C,PCS_41_N A,PCS_42_CA A,PCS_43_C A,PCS_44_O A,PCS_45_CB A,PCS_46_CG A,PCS_47_OD1 A,PCS_48_OD2 A,PCS_49_N A,PCS_50_CA A,PCS_51_C A,PCS_52_O A,PCS_53_CB A,PCS_54_CG A,PCS_55_ND1 A,PCS_56_CD2 A,PCS_57_CE1 A,PCS_58_NE2 A,PCS_59_N A,PCS_60_CA A,PCS_61_C A,PCS_62_O A,PCS_63_CB A,PCS_64_CG A,PCS_65_OD1 A,PCS_66_OD2 A,PCS_67_O A,PCS_68_O A,PCS_69_O A
8tow,HIS A,HIS A,HIS A,ASN A,HIS A,HIS A,HIS A,HIS A,HIS A,HIS A,GLU A,GLU A,GLU A,GLU A,GLU A,GLU A,GLU A,GLU A,GLU A,ASP A,GLU A,ALA A,GLU A,GLU A,GLU A,GLU A,GLU A,GLU A,GLU A,GLU A,GLU A,GLU C,GLU C,GLU C,THR C,GLU C,GLU C,GLU C,GLU C,GLU C,GLU A,GLU A,GLU A,GLU A,GLU A,GLU A,GLU A,GLU A,HIS A,HIS A,GLU A,GLU A,HIS A,HIS A,HIS A,HIS A,HIS A,HIS A,ASP A,ASP A,ASP A,ASP A,ASP A,ASP A,ASP A,ASP A,GLU A,GLU A,ALA A
7n8o,HIS A,HIS A,HIS A,HIS A,HIS A,HIS A,HIS A,HIS A,HIS A,HIS A,GLU A,GLU A,GLU A,GLU A,GLU A,GLU A,GLU A,GLU A,GLU A,ASP A,ASP A,ASP A,GLU A,GLU A,GLU A,GLU A,GLU A,GLU A,GLU A,GLU A,GLU A,GLU C,GLU C,GLU C,GLU C,GLU C,GLU C,GLU C,ALA A,GLU C,ASP A,ASP A,ASP A,ASP A,ASP A,ASP A,ASP A,ASP A,HIS A,HIS A,HIS A,HIS A,HIS A,HIS A,HIS A,HIS A,HIS A,HIS A,ASP A,ASP A,ASP A,ASP A,ASP A,ASP A,ASP A,ASP A,ASP A,ASP A,GLN A
8wb4,HIS A,HIS A,HIS A,HIS A,HIS A,ASP A,ASP A,ASP A,ASP A,ASP A,GLU A,HIS A,HIS A,HIS A,HIS A,VAL A,VAL A,GLU A,VAL A,ASP A,ASP A,LEU A,ASN A,ASN A,ASN A,LEU C,ASN A,ASN A,LEU A,GLN A,GLU A,HIS A,GLU C,GLU C,GLU C,GLU C,HIS A,GLU C,GLU C,GLU A,ASP A,ASP A,ASP A,PRO A,ASP A,ASP A,GLN A,ASP A,ALA A,ALA A,GLU A,GLU A,GLU A,GLU A,GLU A,GLU A,GLU A,GLU A,ASP A,ASP A,LEU A,LEU A,ASP A,ASP A,ASP A,ASP A,GLN A,ASP A,GLN A
4ub6,HIS A,HIS A,HIS A,HIS A,HIS A,HIS A,HIS A,HIS A,HIS A,HIS A,GLU A,GLU A,GLU A,GLU A,GLU A,GLU A,GLU A,GLU A,GLU A,ASP A,ASP A,ALA A,GLU A,GLU A,GLU A,GLU A,GLU A,GLU A,GLU A,GLU A,GLU A,GLU C,GLU C,GLU C,GLU C,GLU C,GLU C,GLU C,GLU C,GLU C,ASP A,ASP A,ASP A,ASP A,ASP A,ASP A,ASP A,ASP A,HIS A,HIS A,HIS A,HIS A,HIS A,HIS A,HIS A,HIS A,HIS A,HIS A,ASP A,ASP A,ASP A,ASP A,ASP A,ASP A,ASP A,ASP A,ASP A,ASP A,ALA A
8eqm,GLU C,GLU C,GLY C,GLY C,HIS A,HIS A,HIS A,GLU C,HIS A,HIS A,GLU A,GLU A,ALA A,ALA A,GLU A,GLU A,GLU A,GLU A,GLU A,SER A,ASP A,ASP A,GLU A,GLU A,GLU A,LEU C,GLU A,GLU A,GLU A,GLU A,ASP A,GLU C,ARG C,ARG C,ARG C,GLU C,GLU C,GLU C,GLU C,GLU C,ASP A,ASP A,ASP A,PHE A,ASP A,ASP A,ASP A,ASP A,ARG A,GLU A,GLU A,GLU A,HIS A,HIS A,GLU A,GLU A,GLU A,GLU A,ASP A,ASP A,LEU A,LEU A,ASP A,ASP A,ASP A,ASP A,VAL A,VAL A,GLU A
3wu2,HIS A,HIS A,HIS A,HIS A,HIS A,HIS A,HIS A,HIS A,HIS A,HIS A,GLU A,GLU A,GLU A,GLU A,GLU A,GLU A,GLU A,GLU A,GLU A,ASP A,ASP A,ALA A,GLU A,GLU A,GLU A,GLU A,GLU A,GLU A,GLU A,GLU A,GLU A,GLU C,GLU C,GLU C,GLU C,GLU C,GLU C,GLU C,GLU C,GLU C,ASP A,ASP A,ASP A,ASP A,ASP A,ASP A,ASP A,ASP A,HIS A,HIS A,HIS A,HIS A,HIS A,HIS A,HIS A,HIS A,GLU A,HIS A,ASP A,ASP A,ASP A,ASP A,ASP A,ASP A,ASP A,ASP A,ASP A,ASP A,ALA A
3jcu,ASN A,HIS A,ALA D,ASN D,HIS A,HIS A,ARG A,HIS A,GLU A,GLU A,GLU A,GLU A,GLU A,GLU A,GLU A,GLU A,GLU A,GLU A,GLU A,ALA A,SER A,ASP A,GLU A,GLU A,HIS A,HIS A,GLU A,GLU A,GLU A,GLU A,GLU A,GLY C,GLU C,GLU C,GLU C,GLU C,HIS A,GLU C,GLU C,ALA A,SER A,ASP A,ASP A,ASP A,ASP A,ASP A,ASP A,ASP A,HIS A,HIS A,GLU A,GLU A,HIS A,HIS A,HIS A,HIS A,HIS A,HIS A,ASP A,ASP A,ASP A,ASP A,ASP A,ASP A,ASP A,ASP A,ASP A,ASP A,GLN A
5xnl,HIS A,HIS A,HIS A,HIS A,HIS A,HIS A,HIS A,HIS A,GLU A,HIS A,GLU A,GLU A,GLU A,GLU A,GLU A,GLU A,GLU A,GLU A,GLU A,ASP A,SER A,GLU A,GLU A,GLU A,GLU A,HIS A,GLU A,GLU A,GLU A,GLU A,GLU A,GLU C,GLU C,THR C,THR C,GLU C,GLU C,GLU C,GLU C,GLU C,ASP A,ASP A,ASP A,GLY A,ASP A,ASP A,ASP A,ASP A,HIS A,HIS A,GLU A,GLU A,HIS A,HIS A,HIS A,HIS A,HIS A,HIS A,ASP A,ASP A,ASP A,ASP A,ASP A,ASP A,ASP A,ASP A,ASP A,ASP A,GLN A
4pj0,HIS A,HIS A,HIS A,HIS A,HIS A,HIS A,HIS A,HIS A,GLU A,HIS A,HIS A,GLU A,GLU A,GLU A,GLU A,GLU A,GLU A,GLU A,GLU A,ASP A,ASP A,LEU A,GLU A,GLU A,HIS A,HIS A,GLU A,GLU A,GLU A,GLU A,GLU A,GLY C,GLU C,GLU C,GLU C,GLU C,GLU C,GLU C,ALA A,GLU C,SER A,ASP A,ASP A,ASP A,ASP A,ASP A,ASP A,ASP A,HIS A,HIS A,HIS A,HIS A,HIS A,HIS A,GLU A,HIS A,GLU A,HIS A,ASP A,ASP A,ASP A,ASP A,ASP A,ASP A,ASP A,ASP A,ASP A,ASP A,GLN A
8j5k,HIS A,HIS A,HIS A,HIS A,HIS A,HIS A,HIS A,HIS A,GLU A,HIS A,GLU A,GLU A,GLU A,GLU A,GLU A,GLU A,GLU A,GLU A,GLU A,SER A,ASP A,ASP A,GLU A,GLU A,HIS A,HIS A,GLU A,GLU A,GLU A,GLU A,GLU A,GLU C,GLU C,GLU C,GLU C,GLU C,GLU C,GLU C,GLU C,GLU C,ASP A,ASP A,ASP A,ASP A,ASP A,ASP A,ASP A,ASP A,HIS A,HIS A,HIS A,HIS A,HIS A,HIS A,HIS A,HIS A,GLU A,HIS A,ASP A,ASP A,ASP A,ASP A,ASP A,ASP A,ASP A,ASP A,ASP A,ASP A,GLN A
7pi0,ALA A,HIS A,HIS A,HIS A,HIS A,HIS A,HIS A,HIS A,ALA A,HIS A,GLU A,GLU A,GLU A,GLU A,GLU A,GLU A,GLU A,GLU A,GLU A,SER A,ASP A,ASP A,GLU A,GLU A,GLU A,VAL C,GLU A,GLU A,GLU A,GLU A,GLU A,GLU C,GLU C,GLU C,ARG C,GLU C,GLU C,GLU C,GLU C,GLU C,ASP A,ASP A,ASP A,ASP A,ASP A,ASP A,ASP A,ASP A,HIS A,HIS A,GLU A,GLU A,HIS A,HIS A,HIS A,HIS A,HIS A,HIS A,ASP A,ASP A,ASP A,ASP A,ASP A,ASP A,ASP A,ASP A,ASP A,VAL A,GLN A
6kac,ALA A,HIS A,HIS A,HIS A,HIS A,HIS A,ALA A,HIS A,GLU A,GLU A,GLU A,GLU A,GLU A,GLU A,GLU A,GLU A,GLU A,GLU A,GLU A,SER A,ASP A,ASP A,GLU A,GLU A,GLU A,GLU A,GLU A,GLU A,GLU A,GLU A,GLU A,GLU C,GLU C,GLU C,THR C,GLU C,GLU C,GLU C,GLU C,GLU C,ASP A,ASP A,ASP A,ASP A,ASP A,ASP A,ASP A,ASP A,HIS A,HIS A,HIS A,GLU A,HIS A,HIS A,HIS A,HIS A,HIS A,HIS A,ASP A,ASP A,ASP A,ASP A,ASP A,ASP A,ASP A,ASP A,ASP A,ASP A,GLN A
8iwh,ALA A,HIS A,HIS A,HIS A,HIS A,HIS A,ALA A,HIS A,GLU A,HIS A,GLU A,GLU A,GLU A,GLU A,GLU A,GLU A,GLU A,GLU A,GLU A,SER A,ASP A,ASP A,GLU A,GLU A,GLU A,GLU A,GLU A,GLU A,GLU A,GLU A,GLU A,GLU C,GLU C,GLU C,GLU C,GLU C,GLU C,GLU C,GLU C,GLU C,ASP A,ASP A,ASP A,ASP A,ASP A,ASP A,ASP A,ASP A,HIS A,HIS A,HIS A,HIS A,HIS A,HIS A,HIS A,HIS A,HIS A,HIS A,ASP A,ASP A,ASP A,ASP A,ASP A,ASP A,ASP A,ASP A,ASP A,ASP A,GLN A
