Prot Name,SCS_1_O,SCS_2_O,SCS_3_N,SCS_4_CA,SCS_5_C,SCS_6_O,SCS_7_CB,SCS_8_CG,SCS_9_CD,SCS_10_OE1,SCS_11_NE2,SCS_12_O,SCS_13_N,SCS_14_CA,SCS_15_C,SCS_16_O,SCS_17_CB,SCS_18_CG,SCS_19_OD1,SCS_20_OD2,SCS_21_O,SCS_22_N,SCS_23_CA,SCS_24_C,SCS_25_O,SCS_26_CB,SCS_27_OG,SCS_28_O,SCS_29_O,SCS_30_N,SCS_31_CA,SCS_32_C,SCS_33_O,SCS_34_CB,SCS_35_CG,SCS_36_CD1,SCS_37_CD2,SCS_38_CE1,SCS_39_CE2,SCS_40_CZ,SCS_41_OH,SCS_42_O
8tow,PHE,ALA,GLN,GLN,GLN,GLN,GLN,GLN,GLN,ALA,ASN,ASP,ILE,ASP,ASP,ASP,ASP,ASP,ASP,ASP,ASP,PHE,SER,GLU,GLU,SER,SER,GLU,HIS,TYR,TYR,TYR,TYR,TYR,TYR,ALA,TYR,ALA,TYR,ALA,PHE,GLU
7n8o,PHE,ASN,GLN,GLN,GLN,GLN,GLN,GLN,GLN,GLN,GLN,ASP,ASP,ASP,ASP,ASP,ASP,ASP,ASP,ASP,GLU,SER,SER,SER,SER,SER,SER,ASP,HIS,TYR,TYR,TYR,TYR,TYR,TYR,TYR,TYR,ALA,TYR,TYR,PHE,GLU
8wb4,GLN,GLY,GLY,GLY,GLY,ARG,GLY,GLY,GLN,GLN,GLN,GLU,GLU,GLU,ASP,ASP,GLU,GLU,GLU,GLU,LEU,SER,SER,ASP,ASP,SER,SER,ASP,VAL,ILE,ILE,ILE,GLY,ILE,GLY,GLY,PRO,GLY,GLN,GLN,GLN,VAL
4ub6,PHE,ALA,GLN,GLN,GLN,GLN,GLN,GLN,GLN,GLN,GLN,ASP,ASP,ASP,ASP,ASP,ASP,ASP,ASP,ASP,GLU,SER,SER,SER,SER,SER,SER,ASP,HIS,TYR,TYR,TYR,TYR,TYR,TYR,TYR,TYR,ALA,TYR,TYR,PHE,ASN
8eqm,GLU,ALA,ALA,GLN,GLN,GLN,GLN,ALA,ASN,ALA,ASN,ASN,ILE,ILE,ASN,ASN,ASP,ASP,SER,ASP,ASP,GLY,ASP,ASP,ASP,ASP,ASP,VAL,ALA,ILE,ILE,ALA,ALA,ILE,PHE,PHE,PHE,HIS,PHE,PHE,GLU,HIS
3wu2,PHE,ALA,GLN,GLN,GLN,GLN,GLN,GLN,GLN,GLN,GLN,ASP,ASP,ASP,ASP,ASP,ASP,ASP,ASP,ASP,GLU,SER,SER,SER,SER,SER,SER,ASP,HIS,TYR,TYR,TYR,TYR,TYR,TYR,TYR,TYR,ALA,TYR,TYR,PHE,ASN
3jcu,PHE,LEU,GLN,GLN,GLY,ALA,GLN,GLN,GLN,ALA,GLN,ALA,ASP,ASP,GLY,GLY,ASP,ASP,ASP,ASP,GLU,SER,ALA,SER,SER,ALA,ALA,ASP,ARG,ILE,GLY,ILE,GLN,TYR,TYR,ALA,PRO,ALA,GLN,GLN,GLN,ASP
5xnl,PHE,GLU,GLY,GLN,GLN,GLN,GLN,GLN,GLN,GLN,ALA,GLU,ASP,ASP,GLY,GLY,ASP,ASP,ASP,ASP,GLU,PHE,SER,SER,SER,SER,SER,ASP,HIS,TYR,TYR,TYR,TYR,TYR,TYR,TYR,TYR,ALA,TYR,TYR,PHE,GLU
4pj0,PHE,LEU,GLN,GLN,GLY,GLY,GLN,GLN,GLN,GLN,GLN,ALA,ASP,ASP,ASP,ASP,ASP,ASP,ASP,ASP,GLU,SER,SER,SER,SER,SER,ASN,ASP,GLY,TYR,TYR,PRO,PRO,TYR,TYR,TYR,TYR,ALA,TYR,TYR,ALA,GLU
8j5k,PHE,ASN,GLN,GLN,GLN,GLN,GLN,GLN,GLN,GLN,GLN,ASP,ILE,ASP,ASP,ASP,ASP,ASP,ASP,ASP,ASP,SER,SER,ASP,ASP,SER,SER,ASP,HIS,TYR,TYR,TYR,TYR,TYR,TYR,ALA,TYR,ALA,TYR,ALA,ALA,VAL
7pi0,PHE,LEU,GLY,GLN,GLN,GLN,GLN,GLN,GLN,GLN,ALA,ASP,ILE,ASP,ASP,ASP,ASP,ASP,ASP,ASP,ASP,PHE,SER,ASP,ASP,SER,SER,PHE,ALA,TYR,TYR,TYR,TYR,TYR,ALA,ALA,TYR,ALA,ALA,ALA,PHE,VAL
6kac,PHE,LEU,GLN,GLN,GLN,GLN,GLN,GLN,GLN,GLN,ASN,ASP,ILE,ASP,ASP,ASP,ASP,ASP,ASP,ASP,ASP,PHE,SER,ASP,ASP,SER,SER,ASP,ASN,TYR,TYR,TYR,TYR,TYR,TYR,ALA,TYR,ALA,TYR,ALA,ALA,PHE
8iwh,PHE,LEU,GLN,GLN,GLN,GLY,GLN,GLN,GLN,GLN,GLN,ASP,ILE,ASP,ASP,ASP,ASP,ASP,ASP,ASP,ASP,SER,SER,ASP,ASP,SER,SER,ASP,ARG,TYR,TYR,TYR,GLY,TYR,ALA,ALA,TYR,ALA,TYR,ALA,ALA,VAL
