Prot Name,SCS_1_O A,SCS_2_O A,SCS_3_N A,SCS_4_CA A,SCS_5_C A,SCS_6_O A,SCS_7_CB A,SCS_8_CG A,SCS_9_CD A,SCS_10_OE1 A,SCS_11_NE2 A,SCS_12_O C,SCS_13_N A,SCS_14_CA A,SCS_15_C A,SCS_16_O A,SCS_17_CB A,SCS_18_CG A,SCS_19_OD1 A,SCS_20_OD2 A,SCS_21_O A,SCS_22_N A,SCS_23_CA A,SCS_24_C A,SCS_25_O A,SCS_26_CB A,SCS_27_OG A,SCS_28_O A,SCS_29_O A,SCS_30_N A,SCS_31_CA A,SCS_32_C A,SCS_33_O A,SCS_34_CB A,SCS_35_CG A,SCS_36_CD1 A,SCS_37_CD2 A,SCS_38_CE1 A,SCS_39_CE2 A,SCS_40_CZ A,SCS_41_OH A,SCS_42_O A
8tow,PHE A,ALA A,GLN A,GLN A,GLN A,GLN A,GLN A,GLN A,GLN A,ALA A,ASN A,ASP A,ILE A,ASP A,ASP A,ASP A,ASP A,ASP A,ASP A,ASP A,ASP A,PHE A,SER A,GLU A,GLU A,SER A,SER A,GLU A,HIS A,TYR A,TYR A,TYR A,TYR A,TYR A,TYR A,ALA A,TYR A,ALA A,TYR A,ALA A,PHE A,GLU A
7n8o,PHE A,ASN A,GLN A,GLN A,GLN A,GLN A,GLN A,GLN A,GLN A,GLN A,GLN A,ASP A,ASP A,ASP A,ASP A,ASP A,ASP A,ASP A,ASP A,ASP A,GLU A,SER A,SER A,SER A,SER A,SER A,SER A,ASP A,HIS A,TYR A,TYR A,TYR A,TYR A,TYR A,TYR A,TYR A,TYR A,ALA A,TYR A,TYR A,PHE A,GLU A
8wb4,GLN A,GLY C,GLY A,GLY A,GLY A,ARG C,GLY A,GLY A,GLN A,GLN A,GLN A,GLU A,GLU A,GLU A,ASP A,ASP A,GLU A,GLU A,GLU A,GLU A,LEU A,SER A,SER A,ASP A,ASP A,SER A,SER A,ASP A,VAL A,ILE A,ILE A,ILE A,GLY A,ILE A,GLY A,GLY A,PRO A,GLY A,GLN A,GLN A,GLN A,VAL A
4ub6,PHE A,ALA A,GLN A,GLN A,GLN A,GLN A,GLN A,GLN A,GLN A,GLN A,GLN A,ASP A,ASP A,ASP A,ASP A,ASP A,ASP A,ASP A,ASP A,ASP A,GLU A,SER A,SER A,SER A,SER A,SER A,SER A,ASP A,HIS A,TYR A,TYR A,TYR A,TYR A,TYR A,TYR A,TYR A,TYR A,ALA A,TYR A,TYR A,PHE A,ASN A
8eqm,GLU A,ALA A,ALA A,GLN A,GLN A,GLN A,GLN A,ALA A,ASN A,ALA A,ASN A,ASN A,ILE A,ILE A,ASN A,ASN A,ASP A,ASP A,SER A,ASP A,ASP A,GLY A,ASP A,ASP A,ASP A,ASP A,ASP A,VAL A,ALA A,ILE A,ILE A,ALA A,ALA A,ILE A,PHE A,PHE A,PHE A,HIS A,PHE A,PHE A,GLU A,HIS A
3wu2,PHE A,ALA A,GLN A,GLN A,GLN A,GLN A,GLN A,GLN A,GLN A,GLN A,GLN A,ASP A,ASP A,ASP A,ASP A,ASP A,ASP A,ASP A,ASP A,ASP A,GLU A,SER A,SER A,SER A,SER A,SER A,SER A,ASP A,HIS A,TYR A,TYR A,TYR A,TYR A,TYR A,TYR A,TYR A,TYR A,ALA A,TYR A,TYR A,PHE A,ASN A
3jcu,PHE A,LEU A,GLN A,GLN A,GLY A,ALA A,GLN A,GLN A,GLN A,ALA A,GLN A,ALA A,ASP A,ASP A,GLY A,GLY A,ASP A,ASP A,ASP A,ASP A,GLU A,SER A,ALA A,SER A,SER A,ALA A,ALA A,ASP A,ARG A,ILE A,GLY A,ILE A,GLN A,TYR A,TYR A,ALA A,PRO A,ALA A,GLN A,GLN A,GLN A,ASP A
5xnl,PHE A,GLU A,GLY A,GLN A,GLN A,GLN A,GLN A,GLN A,GLN A,GLN A,ALA A,GLU C,ASP A,ASP A,GLY A,GLY A,ASP A,ASP A,ASP A,ASP A,GLU A,PHE A,SER A,SER A,SER A,SER A,SER A,ASP A,HIS A,TYR A,TYR A,TYR A,TYR A,TYR A,TYR A,TYR A,TYR A,ALA A,TYR A,TYR A,PHE A,GLU A
4pj0,PHE A,LEU A,GLN A,GLN A,GLY A,GLY A,GLN A,GLN A,GLN A,GLN A,GLN A,ALA A,ASP A,ASP A,ASP A,ASP A,ASP A,ASP A,ASP A,ASP A,GLU A,SER A,SER A,SER A,SER A,SER A,ASN A,ASP A,GLY D,TYR A,TYR A,PRO A,PRO A,TYR A,TYR A,TYR A,TYR A,ALA A,TYR A,TYR A,ALA A,GLU A
8j5k,PHE A,ASN A,GLN A,GLN A,GLN A,GLN A,GLN A,GLN A,GLN A,GLN A,GLN A,ASP A,ILE A,ASP A,ASP A,ASP A,ASP A,ASP A,ASP A,ASP A,ASP A,SER A,SER A,ASP A,ASP A,SER A,SER A,ASP A,HIS A,TYR A,TYR A,TYR A,TYR A,TYR A,TYR A,ALA A,TYR A,ALA A,TYR A,ALA A,ALA A,VAL A
7pi0,PHE A,LEU A,GLY A,GLN A,GLN A,GLN A,GLN A,GLN A,GLN A,GLN A,ALA A,ASP A,ILE A,ASP A,ASP A,ASP A,ASP A,ASP A,ASP A,ASP A,ASP A,PHE A,SER A,ASP A,ASP A,SER A,SER A,PHE A,ALA A,TYR A,TYR A,TYR A,TYR A,TYR A,ALA A,ALA A,TYR A,ALA A,ALA A,ALA A,PHE A,VAL A
6kac,PHE A,LEU A,GLN A,GLN A,GLN A,GLN A,GLN A,GLN A,GLN A,GLN A,ASN A,ASP A,ILE A,ASP A,ASP A,ASP A,ASP A,ASP A,ASP A,ASP A,ASP A,PHE A,SER A,ASP A,ASP A,SER A,SER A,ASP A,ASN A,TYR A,TYR A,TYR A,TYR A,TYR A,TYR A,ALA A,TYR A,ALA A,TYR A,ALA A,ALA A,PHE A
8iwh,PHE A,LEU A,GLN A,GLN A,GLN A,GLY A,GLN A,GLN A,GLN A,GLN A,GLN A,ASP A,ILE A,ASP A,ASP A,ASP A,ASP A,ASP A,ASP A,ASP A,ASP A,SER A,SER A,ASP A,ASP A,SER A,SER A,ASP A,ARG A,TYR A,TYR A,TYR A,GLY A,TYR A,ALA A,ALA A,TYR A,ALA A,TYR A,ALA A,ALA A,VAL A
